INSERT INTO user(id, login, password, email, active, first_name, last_name, phone, version) VALUES (0,'admin', '$2a$10$UDvJMPOByqrkGi7Pk3gzBeS/2xgnAL3T/YNxhdbBOehmGJ.Jj4uGu', 'admin@mail.com', true, 'Admin', 'Admin', '+380660000110', 1);
INSERT INTO user(id, login, password, email, active, first_name, last_name, phone, version) VALUES (1, 'user', '$2a$10$jc4IZXkr3nrmbmQZNlVHpuaGdro/I4SjThww9BbGRk4PdHNOiUGvC', 'user@mail.com', true, 'user', 'user', '+380660000111', 1);
INSERT INTO role VALUES (0 ,'ADMIN', 1);
INSERT INTO role VALUES (1 ,'USER', 1);
INSERT INTO AUTHORITIES VALUES (0, 0);
INSERT INTO AUTHORITIES VALUES (1, 1)
INSERT INTO orders(id, user_id, date, total_price) VALUES (0, 1, CURRENT_TIME(), 669);
INSERT INTO orders(id, user_id, date, total_price) VALUES (1, 1, CURRENT_TIME(), 667);
INSERT INTO item_type(id, parent_id, name) VALUES (0, null, 'item');
INSERT INTO item_type(id, parent_id, name) VALUES (1, 0, 'food');
INSERT INTO item_type(id, parent_id, name) VALUES (2, 0, 'household goods');
INSERT INTO item_attribute(id, name) VALUES (0, 'Made in');
INSERT INTO item_attribute(id, name) VALUES (1, 'Calories by 100 grams');
INSERT INTO item_attribute(id, name) VALUES (2, 'Consist');
INSERT INTO item_type_attribute(type_id, attribute_id) VALUES (0, 0);
INSERT INTO item_type_attribute(type_id, attribute_id) VALUES (0, 2);
INSERT INTO item_type_attribute(type_id, attribute_id) VALUES (1, 0);
INSERT INTO item_type_attribute(type_id, attribute_id) VALUES (1, 1);
INSERT INTO item_type_attribute(type_id, attribute_id) VALUES (1, 2);
INSERT INTO item_type_attribute(type_id, attribute_id) VALUES (2, 0);
INSERT INTO item(id, item_type_id, name, cost, amount, description, version) VALUES (0, 1, 'Banana', 20.5, 9, 'Very nice banana', 1);
INSERT INTO item(id, item_type_id, name, cost, amount, description, version) VALUES (1, 1, 'apple', 12, 100, 'The best apple', 1);
INSERT INTO item(id, item_type_id, name, cost, amount, description, version) VALUES (2, 1, 'fish', 50, 6, 'common fish', 1);
INSERT INTO item(id, item_type_id, name, cost, amount, description, version) VALUES (3, 2, 'soap', 50, 6, 'soap with apple smell', 1);
INSERT INTO item_property(id, item_id, attribute_id, value) VALUES (0, 0, 0, 'Panama');
INSERT INTO item_property(id, item_id, attribute_id, value) VALUES (1, 0, 1, '80 kkl');
INSERT INTO item_property(id, item_id, attribute_id, value) VALUES (2, 0, 2, ' - ');
INSERT INTO item_property(id, item_id, attribute_id, value) VALUES (3, 1, 0, 'Ukraine');
INSERT INTO item_property(id, item_id, attribute_id, value) VALUES (4, 1, 1, '60 kkl');
INSERT INTO item_property(id, item_id, attribute_id, value) VALUES (5, 1, 2, ' - ');
INSERT INTO item_property(id, item_id, attribute_id, value) VALUES (6, 2, 0, 'Spain');
INSERT INTO item_property(id, item_id, attribute_id, value) VALUES (7, 2, 1, '120 kkl');
INSERT INTO item_property(id, item_id, attribute_id, value) VALUES (8, 2, 2, ' - ');
INSERT INTO order_item(id, order_id, item_id, amount) VALUES (0, 0, 1, 10);
INSERT INTO order_item(id, order_id, item_id, amount) VALUES (1, 0, 2, 1);
INSERT INTO order_item(id, order_id, item_id, amount) VALUES (2, 0, 0, 2);
INSERT INTO order_item(id, order_id, item_id, amount) VALUES (3, 1, 1, 20);
INSERT INTO order_item(id, order_id, item_id, amount) VALUES (4, 1, 2, 3);
INSERT INTO order_item(id, order_id, item_id, amount) VALUES (5, 1, 3, 2);